trainer_id,name,videos_count,total_likes,workout_recommendations,athlete_rating,years_experience,specialities
1,Trainer 1,247,289134,154,4.2,22,"Prenatal Fitness, Yoga"
2,Trainer 2,114,122357,68,4.9,24,HIIT
3,Trainer 3,482,473810,43,3.2,8,"Yoga, Functional Training"
4,Trainer 4,403,317531,100,4.3,3,Pilates
5,Trainer 5,127,116388,141,4.4,3,"Muscle Building, Bodybuilding"
6,Trainer 6,354,173663,190,4.6,21,"CrossFit, Pilates"
7,Trainer 7,407,401813,143,4.9,15,"Prenatal Fitness, Functional Training, Sports-Specific"
8,Trainer 8,347,126640,97,3.2,10,"Rehabilitation, Functional Training, Cardio"
9,Trainer 9,491,475885,35,3.2,7,"Elderly Fitness, Powerlifting"
10,Trainer 10,189,116639,137,3.9,3,"Elderly Fitness, Prenatal Fitness"
11,Trainer 11,161,140506,55,3.8,4,"Sports-Specific, Powerlifting"
12,Trainer 12,242,181362,31,5.0,24,Yoga
13,Trainer 13,74,47551,27,4.5,14,"Weight Loss, Functional Training, Pilates"
14,Trainer 14,106,118198,133,4.2,8,Bodybuilding
15,Trainer 15,463,57233,149,3.7,14,"Flexibility, Functional Training, Rehabilitation"
16,Trainer 16,228,170286,23,4.4,17,"Strength Training, Sports-Specific, Rehabilitation"
17,Trainer 17,116,91336,134,3.2,19,"Flexibility, Yoga"
18,Trainer 18,236,24895,95,4.6,11,"Functional Training, Weight Loss, Yoga"
19,Trainer 19,210,48022,156,3.5,5,"Muscle Building, Flexibility, Yoga"
20,Trainer 20,54,65378,176,3.2,3,"Yoga, Weight Loss"
21,Trainer 21,292,197326,159,3.2,5,"Sports-Specific, Rehabilitation, Pilates"
22,Trainer 22,97,86828,162,4.4,4,"CrossFit, Yoga, Bodybuilding"
23,Trainer 23,6,523,56,3.0,15,"Muscle Building, Flexibility, Powerlifting"
24,Trainer 24,284,156812,94,4.1,12,"Strength Training, HIIT, Rehabilitation"
25,Trainer 25,318,126700,55,4.5,10,"Yoga, Cardio, Bodybuilding"
26,Trainer 26,256,142522,147,3.6,1,"Pilates, CrossFit, Flexibility"
27,Trainer 27,307,325641,119,3.6,1,"Elderly Fitness, Sports-Specific, Rehabilitation"
28,Trainer 28,133,69129,113,3.4,4,"Bodybuilding, Sports-Specific, Yoga"
29,Trainer 29,20,4821,123,4.1,12,Functional Training
30,Trainer 30,287,99541,160,3.4,7,CrossFit
31,Trainer 31,46,24909,111,3.6,8,Prenatal Fitness
32,Trainer 32,78,53385,178,4.4,16,"Yoga, Flexibility"
33,Trainer 33,354,170050,140,4.5,1,"Pilates, Sports-Specific"
34,Trainer 34,11,6480,102,3.1,12,Powerlifting
35,Trainer 35,347,114953,182,3.2,19,"Bodybuilding, Sports-Specific"
36,Trainer 36,35,24254,146,4.4,19,Cardio
37,Trainer 37,260,233948,132,3.7,22,"Rehabilitation, Muscle Building, Sports-Specific"
38,Trainer 38,311,185906,143,3.1,4,"Yoga, Muscle Building, Prenatal Fitness"
39,Trainer 39,37,22652,67,3.5,8,"Powerlifting, Pilates"
40,Trainer 40,73,13097,184,3.9,10,"Flexibility, Prenatal Fitness"
41,Trainer 41,254,75988,53,4.7,12,"HIIT, Strength Training, Bodybuilding"
42,Trainer 42,489,377505,28,4.7,17,CrossFit
43,Trainer 43,358,423490,37,4.2,11,"Elderly Fitness, Pilates"
44,Trainer 44,28,11706,55,3.0,22,Cardio
45,Trainer 45,280,118973,124,4.2,9,Rehabilitation
46,Trainer 46,196,86471,155,4.3,16,Rehabilitation
47,Trainer 47,55,20408,72,3.3,11,"Functional Training, Cardio"
48,Trainer 48,463,23026,146,4.2,8,"Pilates, Prenatal Fitness, Powerlifting"
49,Trainer 49,378,240069,137,3.6,17,"Rehabilitation, Strength Training, Powerlifting"
50,Trainer 50,237,52807,79,4.4,9,CrossFit
51,Trainer 51,365,168650,175,4.1,14,"Elderly Fitness, Muscle Building"
52,Trainer 52,117,11564,135,4.1,22,"Pilates, Bodybuilding"
53,Trainer 53,176,107447,49,4.4,1,Elderly Fitness
54,Trainer 54,340,380914,12,4.3,19,Muscle Building
55,Trainer 55,462,74842,12,3.1,20,"HIIT, Rehabilitation"
56,Trainer 56,412,247457,149,3.3,19,"Bodybuilding, CrossFit, Functional Training"
57,Trainer 57,115,17586,17,3.5,3,Weight Loss
58,Trainer 58,256,18985,39,4.1,18,Powerlifting
59,Trainer 59,179,149236,108,3.5,1,Sports-Specific
60,Trainer 60,226,192603,193,3.1,4,Sports-Specific
61,Trainer 61,12,9762,172,4.0,15,Prenatal Fitness
62,Trainer 62,160,90587,82,4.5,9,"Strength Training, Rehabilitation, Elderly Fitness"
63,Trainer 63,391,341283,33,4.7,24,"Muscle Building, Cardio, Powerlifting"
64,Trainer 64,144,34279,51,4.0,3,Bodybuilding
65,Trainer 65,284,249233,64,3.8,8,"Elderly Fitness, Powerlifting"
66,Trainer 66,443,322056,94,3.0,22,Rehabilitation
67,Trainer 67,101,34413,101,4.6,21,"Powerlifting, HIIT, Muscle Building"
68,Trainer 68,148,88258,35,4.8,12,"Pilates, Rehabilitation, Muscle Building"
69,Trainer 69,40,24299,162,3.2,3,"Powerlifting, Sports-Specific"
70,Trainer 70,160,124330,140,4.2,3,"Prenatal Fitness, Elderly Fitness"
71,Trainer 71,85,28245,170,3.0,6,"Sports-Specific, Bodybuilding"
72,Trainer 72,131,24833,12,3.8,23,Bodybuilding
73,Trainer 73,226,12123,172,4.8,9,"Bodybuilding, Flexibility, Functional Training"
74,Trainer 74,139,72305,64,4.2,23,"Muscle Building, Weight Loss, Pilates"
75,Trainer 75,296,161294,19,4.3,21,"Sports-Specific, Prenatal Fitness"
76,Trainer 76,262,42606,17,4.4,24,Functional Training
77,Trainer 77,383,73700,30,3.7,20,Sports-Specific
78,Trainer 78,345,154145,60,4.4,5,"Strength Training, Weight Loss, Prenatal Fitness"
79,Trainer 79,109,30070,67,4.9,10,"Flexibility, Muscle Building, Rehabilitation"
80,Trainer 80,174,128171,162,4.6,15,"Muscle Building, Cardio, Rehabilitation"
81,Trainer 81,359,235530,175,3.3,12,"Prenatal Fitness, Bodybuilding"
82,Trainer 82,405,144091,73,4.5,24,"Functional Training, Flexibility, Pilates"
83,Trainer 83,320,295637,188,3.1,23,"Cardio, Elderly Fitness, Sports-Specific"
84,Trainer 84,13,2090,166,4.1,15,"Powerlifting, Cardio"
85,Trainer 85,177,108440,38,4.1,2,"Pilates, CrossFit"
86,Trainer 86,363,230333,116,4.6,6,"Powerlifting, Weight Loss, Strength Training"
87,Trainer 87,245,151080,115,4.0,15,Bodybuilding
88,Trainer 88,308,53373,172,4.2,7,Yoga
89,Trainer 89,145,56349,173,3.3,20,Powerlifting
90,Trainer 90,247,151667,151,3.8,13,Weight Loss
91,Trainer 91,113,63856,98,3.6,5,Powerlifting
92,Trainer 92,420,295069,97,4.0,15,Flexibility
93,Trainer 93,347,189185,63,5.0,21,Cardio
94,Trainer 94,93,8700,34,4.8,15,"CrossFit, Weight Loss, Prenatal Fitness"
95,Trainer 95,496,582574,54,4.9,3,Yoga
96,Trainer 96,267,17665,91,4.6,14,"Flexibility, Pilates, Rehabilitation"
97,Trainer 97,421,231808,140,3.1,7,"CrossFit, Prenatal Fitness"
98,Trainer 98,69,33704,107,4.6,1,"Powerlifting, Strength Training"
99,Trainer 99,33,34069,83,4.2,11,"Weight Loss, Muscle Building"
100,Trainer 100,290,27056,178,3.8,21,"Muscle Building, CrossFit, Powerlifting"
101,Trainer 101,22,3992,27,3.5,8,"Prenatal Fitness, Elderly Fitness"
102,Trainer 102,437,218098,167,3.1,11,"Rehabilitation, Strength Training"
103,Trainer 103,295,223655,92,4.4,9,"Functional Training, Rehabilitation"
104,Trainer 104,255,170674,183,4.9,5,HIIT
105,Trainer 105,286,163910,172,4.8,22,"Flexibility, Pilates"
106,Trainer 106,211,29578,193,4.9,21,"Flexibility, Yoga"
107,Trainer 107,51,9432,124,3.4,11,"Cardio, Muscle Building"
108,Trainer 108,387,243577,16,3.1,15,"Cardio, Rehabilitation"
109,Trainer 109,244,101581,118,3.4,18,Pilates
110,Trainer 110,390,343984,85,4.9,15,Functional Training
111,Trainer 111,193,177757,172,4.5,4,"Prenatal Fitness, Bodybuilding, Cardio"
112,Trainer 112,226,30301,116,4.4,19,Prenatal Fitness
113,Trainer 113,118,40234,67,3.7,21,"HIIT, Functional Training"
114,Trainer 114,195,58375,124,4.5,16,Sports-Specific
115,Trainer 115,95,26577,30,3.7,9,"Elderly Fitness, Prenatal Fitness, Cardio"
116,Trainer 116,462,122967,140,3.8,15,"Cardio, Sports-Specific"
117,Trainer 117,346,182329,127,4.8,8,"Muscle Building, Pilates"
118,Trainer 118,211,191001,178,4.8,21,"Functional Training, Prenatal Fitness, CrossFit"
119,Trainer 119,261,36163,18,4.8,11,"Rehabilitation, Pilates"
120,Trainer 120,467,495513,33,5.0,11,Yoga
121,Trainer 121,143,78686,20,3.6,20,Prenatal Fitness
122,Trainer 122,66,14420,158,3.7,1,Flexibility
123,Trainer 123,246,222431,61,4.3,9,"Weight Loss, Muscle Building, Prenatal Fitness"
124,Trainer 124,102,65679,11,3.4,22,"Functional Training, Bodybuilding, Elderly Fitness"
125,Trainer 125,202,204080,119,4.5,1,"Strength Training, Prenatal Fitness, Weight Loss"
126,Trainer 126,325,124788,117,3.4,8,"Rehabilitation, Sports-Specific"
127,Trainer 127,350,233942,56,4.8,17,"CrossFit, Weight Loss, Cardio"
128,Trainer 128,427,363578,172,4.3,19,"Sports-Specific, Pilates, Cardio"
129,Trainer 129,31,4969,138,3.5,4,"Flexibility, Pilates"
130,Trainer 130,248,31330,136,4.6,3,"CrossFit, Sports-Specific, Powerlifting"
131,Trainer 131,305,234693,59,3.7,15,"Yoga, Weight Loss"
132,Trainer 132,242,88846,100,3.2,22,"Muscle Building, Bodybuilding, Rehabilitation"
133,Trainer 133,334,30315,59,3.3,14,"Functional Training, Strength Training, Flexibility"
134,Trainer 134,492,145052,199,3.7,19,"Cardio, HIIT"
135,Trainer 135,55,11379,102,4.6,19,"Rehabilitation, Sports-Specific"
136,Trainer 136,346,269409,33,4.9,18,"Prenatal Fitness, Strength Training"
137,Trainer 137,412,299575,36,4.7,18,"Yoga, Prenatal Fitness"
138,Trainer 138,248,88381,23,3.0,9,"Functional Training, Cardio, Yoga"
139,Trainer 139,348,108886,176,3.0,6,"CrossFit, Strength Training, Bodybuilding"
140,Trainer 140,341,307456,45,3.1,6,"Elderly Fitness, Pilates, Weight Loss"
141,Trainer 141,401,143754,178,3.2,15,Weight Loss
142,Trainer 142,173,42886,141,3.8,23,"Bodybuilding, Powerlifting"
143,Trainer 143,20,13560,84,3.2,4,"Flexibility, Pilates"
144,Trainer 144,464,349087,194,3.6,8,"Cardio, Pilates"
145,Trainer 145,404,226226,150,3.9,15,"Yoga, Sports-Specific, Cardio"
146,Trainer 146,174,9230,79,3.9,7,"Bodybuilding, HIIT, Functional Training"
147,Trainer 147,429,404700,195,4.6,21,"Strength Training, Muscle Building, Pilates"
148,Trainer 148,37,10540,61,3.9,14,"Strength Training, Prenatal Fitness"
149,Trainer 149,131,17119,190,4.8,3,"Pilates, Strength Training"
150,Trainer 150,274,204272,141,3.7,12,"Pilates, Prenatal Fitness"
151,Trainer 151,473,96267,93,4.9,14,"Weight Loss, Strength Training"
152,Trainer 152,41,14489,146,4.9,10,"Sports-Specific, Yoga, Cardio"
153,Trainer 153,319,164882,175,3.5,3,"Cardio, HIIT"
154,Trainer 154,409,43350,36,3.5,9,"Pilates, Cardio, Muscle Building"
155,Trainer 155,167,97665,27,3.8,9,Pilates
156,Trainer 156,461,221089,110,4.8,17,"Yoga, Flexibility, Elderly Fitness"
157,Trainer 157,476,197954,138,3.9,2,"Muscle Building, Bodybuilding"
158,Trainer 158,16,3844,147,4.2,18,"Powerlifting, Yoga, CrossFit"
159,Trainer 159,68,9012,31,3.0,11,"HIIT, Strength Training"
160,Trainer 160,467,415557,185,4.3,2,Prenatal Fitness
161,Trainer 161,439,145569,72,4.6,4,"Prenatal Fitness, Strength Training"
162,Trainer 162,275,205923,179,4.4,18,Strength Training
163,Trainer 163,495,182202,115,3.6,20,"Strength Training, Elderly Fitness, Bodybuilding"
164,Trainer 164,298,111995,79,3.9,17,"Cardio, CrossFit, Bodybuilding"
165,Trainer 165,342,241313,149,3.1,13,"Strength Training, Powerlifting, Pilates"
166,Trainer 166,410,211361,46,4.9,22,"Powerlifting, Elderly Fitness, Muscle Building"
167,Trainer 167,484,194294,107,3.9,3,"Prenatal Fitness, Strength Training, Bodybuilding"
168,Trainer 168,250,183680,131,4.7,6,"CrossFit, Sports-Specific"
169,Trainer 169,207,177029,172,3.7,13,"HIIT, Muscle Building"
170,Trainer 170,307,264896,74,3.6,14,"Rehabilitation, Weight Loss, HIIT"
171,Trainer 171,154,42983,88,4.7,12,Weight Loss
172,Trainer 172,140,116572,172,4.9,11,"Muscle Building, Functional Training, Flexibility"
173,Trainer 173,216,162537,147,4.6,14,"Strength Training, HIIT, Prenatal Fitness"
174,Trainer 174,176,94634,154,4.9,24,Elderly Fitness
175,Trainer 175,5,309,196,3.7,20,"Cardio, Strength Training"
176,Trainer 176,63,13832,33,4.2,20,"Bodybuilding, Weight Loss, Pilates"
177,Trainer 177,315,230063,120,4.7,2,"Powerlifting, Pilates, Sports-Specific"
178,Trainer 178,231,164125,35,4.6,2,"Flexibility, Bodybuilding"
179,Trainer 179,64,15286,145,3.8,2,Weight Loss
180,Trainer 180,31,9291,41,4.1,5,"CrossFit, Bodybuilding, Rehabilitation"
181,Trainer 181,380,293106,46,4.8,22,Rehabilitation
182,Trainer 182,493,310145,181,3.8,6,Sports-Specific
183,Trainer 183,127,7968,63,3.8,1,"Elderly Fitness, HIIT"
184,Trainer 184,461,77814,92,3.1,10,"Pilates, Elderly Fitness, Cardio"
185,Trainer 185,435,401740,198,4.4,7,Pilates
186,Trainer 186,185,100721,20,4.9,8,"Rehabilitation, Elderly Fitness, Weight Loss"
187,Trainer 187,11,9775,56,4.9,19,"Muscle Building, Sports-Specific, Cardio"
188,Trainer 188,404,143283,34,3.1,5,Sports-Specific
189,Trainer 189,296,197474,100,4.3,5,"Muscle Building, Cardio, Strength Training"
190,Trainer 190,119,43925,81,4.5,18,"Bodybuilding, Yoga, Sports-Specific"
191,Trainer 191,499,170566,184,4.1,13,"Cardio, Pilates"
192,Trainer 192,200,142290,142,4.9,9,"HIIT, Prenatal Fitness"
193,Trainer 193,499,207672,60,3.5,6,Pilates
194,Trainer 194,154,86804,22,3.7,6,Muscle Building
195,Trainer 195,260,95307,148,4.9,15,Strength Training
196,Trainer 196,429,38544,25,3.9,24,"Elderly Fitness, Sports-Specific, Bodybuilding"
197,Trainer 197,433,366617,188,3.7,15,"Prenatal Fitness, Rehabilitation"
198,Trainer 198,220,117225,182,4.4,2,Bodybuilding
199,Trainer 199,496,39543,159,4.8,20,HIIT
200,Trainer 200,106,79703,153,4.3,1,"Yoga, HIIT, Powerlifting"
201,Trainer 201,82,55923,67,3.8,13,"HIIT, Functional Training, Muscle Building"
202,Trainer 202,28,7318,176,4.3,7,"Rehabilitation, Flexibility, Cardio"
203,Trainer 203,387,128896,53,3.8,7,"Powerlifting, Prenatal Fitness, Cardio"
204,Trainer 204,57,45776,12,3.8,6,"HIIT, Functional Training"
205,Trainer 205,120,88566,66,4.1,23,"Yoga, HIIT"
206,Trainer 206,81,59581,192,5.0,1,"Strength Training, Sports-Specific, Yoga"
207,Trainer 207,193,101480,166,4.0,22,"Sports-Specific, Elderly Fitness"
208,Trainer 208,379,277052,76,4.2,6,"Functional Training, HIIT, Rehabilitation"
209,Trainer 209,130,106380,40,4.0,6,"Bodybuilding, Weight Loss, Powerlifting"
210,Trainer 210,113,21759,86,3.0,1,"HIIT, Yoga"
211,Trainer 211,281,131207,155,5.0,8,"Pilates, Muscle Building, HIIT"
212,Trainer 212,79,54177,78,3.2,22,Prenatal Fitness
213,Trainer 213,226,74982,111,3.7,9,"Flexibility, Cardio"
214,Trainer 214,40,8343,26,3.2,7,"Bodybuilding, CrossFit"
215,Trainer 215,266,51388,116,3.3,24,"Weight Loss, CrossFit, Muscle Building"
216,Trainer 216,168,30557,75,4.0,19,"Pilates, Rehabilitation"
217,Trainer 217,30,11752,89,3.4,21,CrossFit
218,Trainer 218,240,56986,142,4.2,16,"Functional Training, Muscle Building"
219,Trainer 219,248,46239,21,3.4,24,"Weight Loss, Sports-Specific"
220,Trainer 220,338,379666,154,4.6,10,Cardio
221,Trainer 221,24,13371,177,4.3,19,Elderly Fitness
222,Trainer 222,445,333867,110,4.4,3,"Pilates, CrossFit, Yoga"
223,Trainer 223,290,267301,60,3.9,12,"Cardio, Bodybuilding"
224,Trainer 224,170,34081,178,3.1,2,Bodybuilding
225,Trainer 225,372,258725,14,4.9,10,"Cardio, Sports-Specific, Yoga"
226,Trainer 226,39,40466,25,3.7,2,"CrossFit, HIIT, Muscle Building"
227,Trainer 227,162,185903,107,3.6,18,Strength Training
228,Trainer 228,178,134158,100,3.2,16,"Powerlifting, Strength Training"
229,Trainer 229,407,44957,141,3.6,1,"Sports-Specific, Weight Loss"
230,Trainer 230,486,385067,188,4.9,9,"Muscle Building, Functional Training, Powerlifting"
231,Trainer 231,461,366383,123,3.7,17,"Functional Training, Yoga"
232,Trainer 232,207,173853,116,3.1,22,"Elderly Fitness, Strength Training, Pilates"
233,Trainer 233,438,99848,191,3.3,21,"Cardio, Prenatal Fitness"
234,Trainer 234,483,204455,181,4.6,23,"Prenatal Fitness, Elderly Fitness"
235,Trainer 235,22,14864,108,3.5,21,"Prenatal Fitness, HIIT"
236,Trainer 236,294,66701,63,4.3,13,Strength Training
237,Trainer 237,368,120619,48,3.4,24,"Flexibility, CrossFit, Rehabilitation"
238,Trainer 238,66,18085,164,5.0,17,"CrossFit, Weight Loss"
239,Trainer 239,247,196540,188,4.5,7,"Sports-Specific, Flexibility, Muscle Building"
240,Trainer 240,96,70490,199,4.0,1,"Muscle Building, HIIT"
241,Trainer 241,422,509715,194,3.3,5,Functional Training
242,Trainer 242,120,66709,145,4.1,5,Yoga
243,Trainer 243,318,68433,50,4.6,20,"Functional Training, Strength Training"
244,Trainer 244,346,111690,90,3.8,7,CrossFit
245,Trainer 245,279,149478,73,3.6,20,"Yoga, Prenatal Fitness, HIIT"
246,Trainer 246,102,15037,178,4.7,17,"Yoga, HIIT"
247,Trainer 247,349,233938,61,3.7,14,Prenatal Fitness
248,Trainer 248,483,403096,49,4.2,16,"Cardio, Prenatal Fitness, Muscle Building"
249,Trainer 249,208,115447,122,3.3,14,Functional Training
250,Trainer 250,8,6254,70,3.3,22,Weight Loss
251,Trainer 251,353,150386,115,3.9,7,"Flexibility, Muscle Building, Powerlifting"
252,Trainer 252,297,324346,176,4.7,10,CrossFit
253,Trainer 253,456,134577,22,3.2,16,"Pilates, Strength Training"
254,Trainer 254,320,63882,96,4.3,11,"Functional Training, Elderly Fitness, Prenatal Fitness"
255,Trainer 255,221,151414,139,3.0,6,"Elderly Fitness, Functional Training"
256,Trainer 256,313,140044,134,4.6,16,Flexibility
257,Trainer 257,497,61447,159,3.6,22,"Rehabilitation, Cardio, Sports-Specific"
258,Trainer 258,370,88504,199,4.4,8,"Elderly Fitness, HIIT"
259,Trainer 259,260,47519,54,4.0,20,Powerlifting
260,Trainer 260,405,141629,106,4.6,16,"HIIT, Yoga"
261,Trainer 261,42,40957,91,3.3,7,"Functional Training, Yoga"
262,Trainer 262,188,15914,176,3.1,9,"HIIT, Cardio, Strength Training"
263,Trainer 263,208,50437,43,4.5,5,Powerlifting
264,Trainer 264,492,332290,178,4.4,4,Elderly Fitness
265,Trainer 265,64,35824,159,4.8,21,"Elderly Fitness, Prenatal Fitness, Weight Loss"
266,Trainer 266,104,91292,71,3.6,20,"Prenatal Fitness, Yoga"
267,Trainer 267,85,29332,102,3.2,18,"Yoga, Strength Training, Weight Loss"
268,Trainer 268,465,332170,167,4.0,14,Prenatal Fitness
269,Trainer 269,147,156910,45,3.2,24,"Rehabilitation, Powerlifting"
270,Trainer 270,489,82238,99,4.3,20,"Prenatal Fitness, Rehabilitation"
271,Trainer 271,498,59605,98,5.0,24,"Cardio, Elderly Fitness, Prenatal Fitness"
272,Trainer 272,322,167734,100,4.7,1,"CrossFit, Functional Training, Strength Training"
273,Trainer 273,381,145326,31,4.9,23,"Yoga, Bodybuilding, Muscle Building"
274,Trainer 274,149,67991,19,3.4,9,"Yoga, Flexibility"
275,Trainer 275,120,63571,65,4.6,13,"Muscle Building, Weight Loss"
276,Trainer 276,484,227830,32,4.8,6,"Powerlifting, Pilates, Functional Training"
277,Trainer 277,431,310897,11,4.4,6,Pilates
278,Trainer 278,251,252235,37,4.1,23,"HIIT, Flexibility, CrossFit"
279,Trainer 279,471,372735,27,4.5,9,"Bodybuilding, Strength Training"
280,Trainer 280,342,146043,61,4.1,17,"Muscle Building, Flexibility, Pilates"
281,Trainer 281,285,71293,30,4.6,6,"Flexibility, Strength Training, Sports-Specific"
282,Trainer 282,435,101351,53,4.7,17,Sports-Specific
283,Trainer 283,353,73318,125,3.6,12,HIIT
284,Trainer 284,207,17926,142,4.3,6,Elderly Fitness
285,Trainer 285,340,234170,168,4.5,3,Rehabilitation
286,Trainer 286,182,109294,36,4.5,2,"Sports-Specific, Rehabilitation"
287,Trainer 287,226,68351,129,3.1,24,"CrossFit, Flexibility, Cardio"
288,Trainer 288,226,67990,187,4.0,15,CrossFit
289,Trainer 289,323,53941,84,4.9,15,HIIT
290,Trainer 290,83,22441,180,4.9,24,CrossFit
291,Trainer 291,393,335491,82,3.3,5,Yoga
292,Trainer 292,127,68667,194,4.3,13,Bodybuilding
293,Trainer 293,234,71485,79,3.3,19,"Strength Training, Bodybuilding"
294,Trainer 294,265,255914,32,3.0,10,"Yoga, Bodybuilding, Cardio"
295,Trainer 295,396,203948,53,4.7,3,"Cardio, Rehabilitation, Sports-Specific"
296,Trainer 296,360,131576,41,4.2,10,Elderly Fitness
297,Trainer 297,245,219104,86,4.2,17,"Bodybuilding, Muscle Building, CrossFit"
298,Trainer 298,494,484265,156,4.2,14,Flexibility
299,Trainer 299,385,196710,24,3.4,17,"Weight Loss, Bodybuilding, Flexibility"
300,Trainer 300,473,262533,78,3.4,12,Sports-Specific
301,Trainer 301,124,61830,21,3.0,2,"Functional Training, Yoga"
302,Trainer 302,116,51472,46,4.8,23,"Muscle Building, Weight Loss"
303,Trainer 303,146,117650,122,4.8,22,"Pilates, Functional Training, CrossFit"
304,Trainer 304,74,27056,17,4.8,21,CrossFit
305,Trainer 305,224,237383,179,4.9,11,"HIIT, Flexibility"
306,Trainer 306,189,99735,90,4.3,12,"Elderly Fitness, CrossFit"
307,Trainer 307,7,3557,184,3.3,10,Yoga
308,Trainer 308,474,216029,78,3.3,3,"Yoga, HIIT"
309,Trainer 309,425,245396,50,4.8,20,Muscle Building
310,Trainer 310,315,330800,195,3.2,16,"Elderly Fitness, Bodybuilding, HIIT"
311,Trainer 311,485,213683,106,4.3,4,Muscle Building
312,Trainer 312,345,209202,195,3.8,21,"CrossFit, Powerlifting, Cardio"
313,Trainer 313,249,142534,135,3.8,2,"Bodybuilding, Strength Training"
314,Trainer 314,379,135214,191,3.6,13,"Rehabilitation, Powerlifting"
315,Trainer 315,449,103854,15,3.0,9,"HIIT, Weight Loss, Powerlifting"
316,Trainer 316,490,189301,135,3.5,17,Strength Training
317,Trainer 317,89,48776,44,3.3,22,"Flexibility, Functional Training"
318,Trainer 318,150,72001,46,4.5,23,"Flexibility, Yoga, Rehabilitation"
319,Trainer 319,499,345969,43,3.0,3,"Bodybuilding, Muscle Building, HIIT"
320,Trainer 320,99,53664,178,3.7,11,Cardio
321,Trainer 321,495,295882,35,3.5,6,"Elderly Fitness, HIIT, Rehabilitation"
322,Trainer 322,334,163671,131,4.3,2,Flexibility
323,Trainer 323,371,430900,123,3.8,14,"CrossFit, Powerlifting, Functional Training"
324,Trainer 324,388,223134,43,3.4,5,"Powerlifting, HIIT"
325,Trainer 325,313,213345,51,3.3,24,Prenatal Fitness
326,Trainer 326,451,410387,31,4.6,13,"Pilates, Functional Training, Elderly Fitness"
327,Trainer 327,352,221831,155,3.7,9,Muscle Building
328,Trainer 328,187,102707,22,3.0,23,HIIT
329,Trainer 329,467,333308,80,3.3,13,"HIIT, Elderly Fitness, Powerlifting"
330,Trainer 330,139,92264,47,4.8,3,"Sports-Specific, Rehabilitation, HIIT"
331,Trainer 331,20,10171,173,4.8,18,Rehabilitation
332,Trainer 332,145,8307,48,3.5,18,"Functional Training, Rehabilitation, Sports-Specific"
333,Trainer 333,31,23739,118,3.0,24,"Prenatal Fitness, Muscle Building"
334,Trainer 334,161,112020,105,4.9,11,Bodybuilding
335,Trainer 335,471,321461,77,4.3,2,"CrossFit, Yoga, Prenatal Fitness"
336,Trainer 336,59,22526,75,3.1,15,"CrossFit, HIIT"
337,Trainer 337,162,66186,179,3.3,9,"Weight Loss, CrossFit"
338,Trainer 338,10,7229,132,3.7,6,"HIIT, Bodybuilding, Pilates"
339,Trainer 339,457,247027,64,4.0,22,Flexibility
340,Trainer 340,433,299720,142,4.8,21,Cardio
341,Trainer 341,21,12838,127,4.4,19,"Cardio, Yoga, Prenatal Fitness"
342,Trainer 342,357,291493,190,3.6,18,"HIIT, Rehabilitation"
343,Trainer 343,225,48469,35,4.0,17,"Yoga, Powerlifting"
344,Trainer 344,33,9927,195,3.2,10,HIIT
345,Trainer 345,139,56089,121,4.1,19,Rehabilitation
346,Trainer 346,195,68433,156,4.3,8,"Weight Loss, Powerlifting"
347,Trainer 347,474,230127,131,4.3,18,"Prenatal Fitness, Cardio, Strength Training"
348,Trainer 348,358,190380,140,4.3,10,"Cardio, Bodybuilding, Strength Training"
349,Trainer 349,178,106919,39,3.5,14,"Elderly Fitness, Yoga, Sports-Specific"
350,Trainer 350,177,38343,97,3.2,9,Bodybuilding
351,Trainer 351,494,158581,36,4.2,12,"CrossFit, Prenatal Fitness"
352,Trainer 352,494,546943,108,3.3,19,"Functional Training, CrossFit"
353,Trainer 353,479,535989,104,3.7,16,CrossFit
354,Trainer 354,245,40281,63,4.5,13,"Pilates, Weight Loss, Cardio"
355,Trainer 355,496,260182,97,3.7,1,"Weight Loss, Functional Training, Muscle Building"
356,Trainer 356,270,288842,35,4.3,9,"Powerlifting, Bodybuilding"
357,Trainer 357,464,427919,38,3.9,10,Functional Training
358,Trainer 358,261,187319,194,4.5,24,"HIIT, Yoga, Strength Training"
359,Trainer 359,396,113192,190,4.3,5,"Cardio, HIIT"
360,Trainer 360,183,54013,140,3.8,1,"Pilates, Bodybuilding"
361,Trainer 361,476,383308,100,4.7,15,"Functional Training, Rehabilitation, CrossFit"
362,Trainer 362,434,32771,32,4.5,13,Functional Training
363,Trainer 363,300,120664,131,4.2,20,"Pilates, Strength Training"
364,Trainer 364,437,238866,37,4.1,7,Functional Training
365,Trainer 365,407,273640,148,4.0,17,Cardio
366,Trainer 366,494,125476,33,4.3,16,"Weight Loss, Functional Training"
367,Trainer 367,316,116220,53,4.7,2,Powerlifting
368,Trainer 368,375,138260,32,3.9,12,"Bodybuilding, Cardio, Functional Training"
369,Trainer 369,235,83171,170,4.2,24,"CrossFit, Cardio"
370,Trainer 370,318,123848,128,3.5,16,Cardio
371,Trainer 371,421,160599,63,4.5,2,Functional Training
372,Trainer 372,420,299679,79,3.4,5,"Elderly Fitness, Functional Training, HIIT"
373,Trainer 373,328,299684,76,4.5,18,Bodybuilding
374,Trainer 374,477,24880,169,3.3,18,"Bodybuilding, Yoga"
375,Trainer 375,362,153471,152,3.7,13,Elderly Fitness
376,Trainer 376,118,98456,26,3.3,4,Elderly Fitness
377,Trainer 377,112,66364,106,3.6,19,"Bodybuilding, Sports-Specific"
378,Trainer 378,22,7826,166,3.5,6,"Sports-Specific, Prenatal Fitness"
379,Trainer 379,233,139662,37,4.2,5,"Cardio, Muscle Building"
380,Trainer 380,222,30893,19,3.2,15,Yoga
381,Trainer 381,120,55252,89,3.3,21,"Powerlifting, Weight Loss, Bodybuilding"
382,Trainer 382,27,22810,78,4.4,16,"Muscle Building, Elderly Fitness"
383,Trainer 383,25,12322,108,3.9,1,Weight Loss
384,Trainer 384,177,107674,125,3.5,13,Yoga
385,Trainer 385,302,244435,28,4.9,18,"Weight Loss, Yoga"
386,Trainer 386,122,75199,98,3.4,18,"CrossFit, Prenatal Fitness"
387,Trainer 387,436,137078,46,4.3,4,Flexibility
388,Trainer 388,395,284814,20,4.3,13,Bodybuilding
389,Trainer 389,446,95255,173,4.8,18,CrossFit
390,Trainer 390,18,5138,149,3.1,9,"Muscle Building, CrossFit"
391,Trainer 391,421,186161,76,3.8,22,"Functional Training, Sports-Specific"
392,Trainer 392,285,80345,82,3.4,2,"Elderly Fitness, Rehabilitation"
393,Trainer 393,495,494999,134,3.3,21,"Weight Loss, Rehabilitation"
394,Trainer 394,291,114504,193,3.1,4,"Rehabilitation, Weight Loss, Elderly Fitness"
395,Trainer 395,170,101511,74,3.6,11,Flexibility
396,Trainer 396,309,235308,38,3.7,16,Powerlifting
397,Trainer 397,470,169737,145,3.4,24,"Functional Training, Elderly Fitness, CrossFit"
398,Trainer 398,20,5814,85,4.2,12,"CrossFit, Cardio"
399,Trainer 399,121,67889,144,4.2,9,Powerlifting
400,Trainer 400,131,8968,82,3.6,15,"Flexibility, Bodybuilding, Rehabilitation"
401,Trainer 401,430,295231,41,4.1,14,Strength Training
402,Trainer 402,210,97177,93,3.8,22,"Muscle Building, Pilates"
403,Trainer 403,406,329393,135,3.1,9,"Yoga, Muscle Building"
404,Trainer 404,33,1381,59,4.8,9,"Functional Training, Elderly Fitness"
405,Trainer 405,218,19160,129,3.2,17,"Sports-Specific, Yoga, Powerlifting"
406,Trainer 406,129,58754,67,3.5,23,"Flexibility, Prenatal Fitness, Powerlifting"
407,Trainer 407,44,8430,120,4.4,24,"Flexibility, Functional Training"
408,Trainer 408,404,337362,183,3.9,1,Prenatal Fitness
409,Trainer 409,402,145019,115,4.0,12,Pilates
410,Trainer 410,161,40012,148,3.7,7,Flexibility
411,Trainer 411,144,52540,44,4.0,11,"Prenatal Fitness, HIIT, Bodybuilding"
412,Trainer 412,442,339237,116,4.5,12,Powerlifting
413,Trainer 413,230,58068,40,3.9,6,Prenatal Fitness
414,Trainer 414,483,124893,80,3.8,19,"HIIT, Sports-Specific, CrossFit"
415,Trainer 415,254,40954,197,3.1,16,"Muscle Building, Strength Training, Rehabilitation"
416,Trainer 416,497,61338,22,3.6,7,"Yoga, Cardio, Prenatal Fitness"
417,Trainer 417,186,87746,137,4.3,10,"Pilates, Bodybuilding"
418,Trainer 418,370,119826,79,3.9,5,Flexibility
419,Trainer 419,355,279056,56,4.2,19,"Rehabilitation, Powerlifting, Weight Loss"
420,Trainer 420,377,259978,190,4.9,12,Pilates
421,Trainer 421,99,71655,166,3.4,5,Cardio
422,Trainer 422,488,66911,110,3.2,24,Elderly Fitness
423,Trainer 423,366,309001,133,4.2,3,"Functional Training, Muscle Building, Elderly Fitness"
424,Trainer 424,454,73125,158,4.8,6,Pilates
425,Trainer 425,9,5088,92,4.0,2,"Cardio, CrossFit"
426,Trainer 426,326,49103,73,4.7,19,Elderly Fitness
427,Trainer 427,223,74115,117,4.2,13,CrossFit
428,Trainer 428,116,85684,75,4.4,3,Bodybuilding
429,Trainer 429,289,155603,89,4.7,11,"Elderly Fitness, Functional Training"
430,Trainer 430,264,114295,148,4.5,12,"Functional Training, Bodybuilding, Prenatal Fitness"
431,Trainer 431,349,109807,28,4.0,24,"Muscle Building, Yoga, Bodybuilding"
432,Trainer 432,271,70112,57,4.8,19,"CrossFit, HIIT"
433,Trainer 433,425,23363,17,3.1,22,"CrossFit, Weight Loss"
434,Trainer 434,428,140132,71,4.1,12,Cardio
435,Trainer 435,66,6262,179,3.6,14,Prenatal Fitness
436,Trainer 436,83,64495,117,3.3,15,"CrossFit, Pilates, Rehabilitation"
437,Trainer 437,106,99128,41,4.5,23,"Powerlifting, Elderly Fitness"
438,Trainer 438,340,121250,137,4.5,18,"Cardio, Flexibility"
439,Trainer 439,246,122982,47,3.6,10,Elderly Fitness
440,Trainer 440,227,205061,135,3.4,14,"Prenatal Fitness, Weight Loss"
441,Trainer 441,347,170585,57,4.1,4,Bodybuilding
442,Trainer 442,204,187434,54,3.3,22,"Cardio, Flexibility"
443,Trainer 443,447,86593,122,3.7,18,Sports-Specific
444,Trainer 444,451,304801,149,4.6,15,"Powerlifting, Yoga"
445,Trainer 445,461,287485,79,3.0,18,"Weight Loss, Flexibility"
446,Trainer 446,82,59958,84,4.6,17,"Yoga, Sports-Specific"
447,Trainer 447,171,155621,34,3.5,22,"CrossFit, Weight Loss"
448,Trainer 448,296,41089,117,4.9,21,"Prenatal Fitness, Cardio, Elderly Fitness"
449,Trainer 449,289,214337,112,4.1,4,"Powerlifting, Pilates"
450,Trainer 450,221,52670,157,3.8,17,"Yoga, Powerlifting"
451,Trainer 451,295,82782,84,4.2,6,"Prenatal Fitness, Flexibility"
452,Trainer 452,12,4130,50,4.5,9,"Muscle Building, HIIT, Bodybuilding"
453,Trainer 453,55,48469,122,4.6,9,"Weight Loss, Yoga"
454,Trainer 454,318,337835,141,3.5,20,"Strength Training, Rehabilitation, Sports-Specific"
455,Trainer 455,234,28459,28,3.9,21,"Muscle Building, Flexibility, Cardio"
456,Trainer 456,335,281064,74,3.3,10,"CrossFit, Flexibility, Functional Training"
457,Trainer 457,129,28673,154,4.4,14,Muscle Building
458,Trainer 458,426,142396,80,4.0,14,"Yoga, Cardio, Bodybuilding"
459,Trainer 459,462,87165,98,4.0,13,"Powerlifting, Elderly Fitness, Bodybuilding"
460,Trainer 460,244,262266,36,3.9,21,"HIIT, Flexibility, Pilates"
461,Trainer 461,348,61930,76,3.8,14,"Muscle Building, Prenatal Fitness, Yoga"
462,Trainer 462,135,31658,151,4.3,23,Yoga
463,Trainer 463,312,165421,22,3.4,23,"Powerlifting, Rehabilitation, HIIT"
464,Trainer 464,109,67510,49,4.9,11,Rehabilitation
465,Trainer 465,319,363691,77,3.6,2,"HIIT, Bodybuilding"
466,Trainer 466,395,175154,17,4.6,13,"Bodybuilding, Sports-Specific, HIIT"
467,Trainer 467,145,120956,157,3.2,21,"CrossFit, Rehabilitation"
468,Trainer 468,477,117241,104,4.6,15,"Strength Training, Cardio, Sports-Specific"
469,Trainer 469,465,346301,119,4.5,22,"Functional Training, Bodybuilding, Strength Training"
470,Trainer 470,433,175922,146,3.9,24,"Cardio, Bodybuilding"
471,Trainer 471,260,112740,51,4.1,19,Yoga
472,Trainer 472,334,181576,23,4.4,22,Pilates
473,Trainer 473,18,10583,175,3.1,23,"Rehabilitation, Pilates"
474,Trainer 474,305,221441,118,3.1,16,"Rehabilitation, Cardio, Flexibility"
475,Trainer 475,147,43365,37,3.6,7,"Weight Loss, Rehabilitation, Flexibility"
476,Trainer 476,241,168972,99,3.1,12,"Yoga, Powerlifting, Bodybuilding"
477,Trainer 477,388,366535,194,3.3,2,"Muscle Building, Weight Loss, Pilates"
478,Trainer 478,188,81965,11,5.0,3,"Weight Loss, Yoga, Muscle Building"
479,Trainer 479,291,85975,107,5.0,20,"HIIT, CrossFit"
480,Trainer 480,273,225969,102,3.5,15,Cardio
481,Trainer 481,376,175333,66,4.6,17,"Sports-Specific, Flexibility, Bodybuilding"
482,Trainer 482,58,30285,53,3.0,8,Cardio
483,Trainer 483,174,32436,39,4.0,6,"Prenatal Fitness, Strength Training"
484,Trainer 484,34,25152,144,3.7,7,"Pilates, Rehabilitation, Elderly Fitness"
485,Trainer 485,473,187361,41,3.8,21,"Powerlifting, Sports-Specific, Weight Loss"
486,Trainer 486,488,204850,180,4.7,23,"Muscle Building, Weight Loss, Prenatal Fitness"
487,Trainer 487,194,104325,168,4.1,22,Bodybuilding
488,Trainer 488,463,149043,20,4.6,3,"Strength Training, Cardio, Rehabilitation"
489,Trainer 489,5,4614,159,3.3,9,"Weight Loss, CrossFit"
490,Trainer 490,157,40962,58,4.7,12,"Strength Training, Sports-Specific"
491,Trainer 491,100,40637,181,3.6,17,Flexibility
492,Trainer 492,39,23405,68,4.4,3,"Elderly Fitness, Yoga, Pilates"
493,Trainer 493,347,21845,101,3.1,18,"Muscle Building, Cardio"
494,Trainer 494,146,105387,109,4.7,15,"Sports-Specific, Pilates, Flexibility"
495,Trainer 495,388,287894,190,3.2,5,Powerlifting
496,Trainer 496,325,76223,27,4.7,18,"Yoga, Functional Training, Rehabilitation"
497,Trainer 497,85,53924,35,4.6,14,"Sports-Specific, Elderly Fitness, Bodybuilding"
498,Trainer 498,327,224715,69,4.2,10,"Functional Training, Bodybuilding, CrossFit"
499,Trainer 499,199,174037,173,4.0,23,"Muscle Building, Sports-Specific"
500,Trainer 500,62,17927,171,4.1,23,"Weight Loss, Pilates"
501,Trainer 501,421,94522,196,4.8,10,"Weight Loss, Strength Training, Pilates"
502,Trainer 502,5,4851,58,4.0,22,Flexibility
503,Trainer 503,435,305357,34,4.2,14,"Pilates, Yoga"
504,Trainer 504,372,73822,156,4.1,9,"Elderly Fitness, HIIT, Cardio"
505,Trainer 505,93,41966,90,4.4,3,"Yoga, Bodybuilding"
506,Trainer 506,146,154016,112,4.4,12,"Strength Training, HIIT, Flexibility"
507,Trainer 507,348,119458,168,4.4,14,"Flexibility, CrossFit, Sports-Specific"
508,Trainer 508,366,158172,19,3.9,19,"CrossFit, Yoga, Cardio"
509,Trainer 509,150,54817,119,4.3,13,"Muscle Building, Cardio, Yoga"
510,Trainer 510,462,283310,111,4.4,4,Weight Loss
511,Trainer 511,24,6641,181,4.2,8,"Sports-Specific, Muscle Building"
512,Trainer 512,366,88548,188,3.3,21,"Strength Training, CrossFit, Flexibility"
513,Trainer 513,164,191825,18,3.8,12,Pilates
514,Trainer 514,356,252346,13,4.8,11,"CrossFit, Muscle Building, Prenatal Fitness"
515,Trainer 515,145,99641,173,4.1,3,"Pilates, Flexibility, Functional Training"
516,Trainer 516,148,62226,162,3.5,9,"Elderly Fitness, Prenatal Fitness"
517,Trainer 517,23,16365,145,3.8,13,"Prenatal Fitness, Sports-Specific"
518,Trainer 518,139,152428,27,3.7,6,Powerlifting
519,Trainer 519,287,144475,112,4.4,13,"Strength Training, Cardio"
520,Trainer 520,332,203441,87,3.8,11,Powerlifting
521,Trainer 521,366,329670,192,4.3,8,Pilates
522,Trainer 522,153,75435,146,4.9,5,"HIIT, Weight Loss, Cardio"
523,Trainer 523,69,60429,60,5.0,19,"Bodybuilding, CrossFit, Flexibility"
524,Trainer 524,234,235367,135,3.9,15,"Pilates, Elderly Fitness"
525,Trainer 525,7,6761,150,4.0,7,Flexibility
526,Trainer 526,84,35427,169,3.1,5,"Cardio, HIIT, Powerlifting"
527,Trainer 527,300,231861,39,3.0,7,"Muscle Building, Flexibility"
528,Trainer 528,466,297693,84,4.1,7,"CrossFit, HIIT, Prenatal Fitness"
529,Trainer 529,40,12287,172,4.3,10,"Strength Training, Pilates"
530,Trainer 530,209,106906,182,3.9,15,"Weight Loss, HIIT, Cardio"
531,Trainer 531,457,289279,46,3.3,2,"Functional Training, HIIT"
532,Trainer 532,430,102033,156,4.3,15,"Strength Training, Rehabilitation"
533,Trainer 533,187,195604,140,4.9,19,"Bodybuilding, Weight Loss, Muscle Building"
534,Trainer 534,44,10672,163,4.7,19,"Pilates, HIIT, Strength Training"
535,Trainer 535,300,121263,94,4.9,2,"Sports-Specific, Strength Training, Pilates"
536,Trainer 536,314,276197,132,4.1,8,Weight Loss
537,Trainer 537,422,329126,180,4.2,5,"Flexibility, Prenatal Fitness"
538,Trainer 538,338,353386,126,3.7,7,"Rehabilitation, Functional Training"
539,Trainer 539,285,190325,130,3.2,21,"Functional Training, Elderly Fitness, Weight Loss"
540,Trainer 540,468,118407,110,4.9,21,"CrossFit, Prenatal Fitness, Strength Training"
541,Trainer 541,71,22216,47,3.1,1,Sports-Specific
542,Trainer 542,195,205088,119,4.7,20,"Functional Training, Rehabilitation, Bodybuilding"
543,Trainer 543,251,31143,194,4.2,22,"Prenatal Fitness, Pilates, Muscle Building"
544,Trainer 544,313,126935,118,4.7,21,Powerlifting
545,Trainer 545,98,6688,42,4.3,3,"Prenatal Fitness, CrossFit"
546,Trainer 546,354,128680,10,3.6,22,"CrossFit, Weight Loss, Pilates"
547,Trainer 547,295,67425,136,3.9,11,"Sports-Specific, Bodybuilding"
548,Trainer 548,311,260570,79,4.3,15,"Yoga, CrossFit"
549,Trainer 549,68,60000,26,4.6,16,"Flexibility, Sports-Specific"
550,Trainer 550,391,304662,140,3.5,24,"Cardio, Flexibility"
551,Trainer 551,483,395386,192,4.7,10,"Cardio, Sports-Specific, Functional Training"
552,Trainer 552,238,144076,37,4.1,4,"Sports-Specific, CrossFit"
553,Trainer 553,429,136872,151,3.7,20,"Flexibility, Yoga, Prenatal Fitness"
554,Trainer 554,179,145396,168,4.0,15,"Rehabilitation, Flexibility, Functional Training"
555,Trainer 555,400,336739,197,3.9,24,"Prenatal Fitness, CrossFit"
556,Trainer 556,263,155849,164,3.8,16,"Muscle Building, Rehabilitation, Cardio"
557,Trainer 557,466,50378,153,3.6,22,"Flexibility, CrossFit, Weight Loss"
558,Trainer 558,428,259531,184,3.9,24,"Pilates, CrossFit, Yoga"
559,Trainer 559,361,70326,103,3.4,24,Muscle Building
560,Trainer 560,104,51656,98,3.0,16,Rehabilitation
561,Trainer 561,141,10048,91,3.5,5,"HIIT, Cardio, Strength Training"
562,Trainer 562,192,131561,172,3.1,19,"Functional Training, Rehabilitation"
563,Trainer 563,449,203271,53,3.3,16,"Prenatal Fitness, Cardio, Functional Training"
564,Trainer 564,323,98875,17,4.2,12,Functional Training
565,Trainer 565,412,173953,183,3.6,17,Cardio
566,Trainer 566,261,53192,120,3.4,17,Yoga
567,Trainer 567,139,124635,125,3.5,10,Sports-Specific
568,Trainer 568,173,208851,68,3.4,16,Bodybuilding
569,Trainer 569,328,222648,43,4.2,17,"Elderly Fitness, Bodybuilding"
570,Trainer 570,402,90938,32,3.2,17,"Yoga, Cardio"
571,Trainer 571,40,19513,89,4.3,23,Yoga
572,Trainer 572,411,242466,34,3.0,18,"HIIT, Sports-Specific, Cardio"
573,Trainer 573,390,113992,42,3.1,2,"Functional Training, Strength Training, Flexibility"
574,Trainer 574,134,136400,160,4.1,1,"Flexibility, Strength Training"
575,Trainer 575,396,139828,139,3.1,10,"HIIT, Rehabilitation"
576,Trainer 576,282,13827,13,3.2,23,"CrossFit, Prenatal Fitness"
577,Trainer 577,389,263098,23,4.9,17,Pilates
578,Trainer 578,91,48366,35,3.6,21,"CrossFit, Muscle Building, Flexibility"
579,Trainer 579,487,223483,149,4.3,20,Rehabilitation
580,Trainer 580,244,98207,158,4.2,20,"Flexibility, Elderly Fitness, Weight Loss"
581,Trainer 581,168,73456,53,4.2,23,"Functional Training, Bodybuilding, Prenatal Fitness"
582,Trainer 582,215,60549,168,3.8,22,"Sports-Specific, Functional Training, Yoga"
583,Trainer 583,174,31275,139,4.1,6,CrossFit
584,Trainer 584,453,356460,183,3.0,6,HIIT
585,Trainer 585,442,319846,159,4.1,22,"CrossFit, Bodybuilding, Strength Training"
586,Trainer 586,64,49612,89,4.5,9,"CrossFit, Pilates, Weight Loss"
587,Trainer 587,404,37391,78,4.4,2,Yoga
588,Trainer 588,317,47589,59,3.3,23,"Strength Training, Bodybuilding, Rehabilitation"
589,Trainer 589,54,17732,10,5.0,19,"Prenatal Fitness, Weight Loss, Muscle Building"
590,Trainer 590,225,52108,119,3.6,5,"Cardio, Weight Loss"
591,Trainer 591,438,74442,178,4.0,12,Strength Training
592,Trainer 592,482,192305,159,4.0,11,"Powerlifting, Strength Training"
593,Trainer 593,317,199143,191,4.7,19,Flexibility
594,Trainer 594,490,188081,195,3.3,8,Flexibility
595,Trainer 595,328,254072,156,3.0,17,"Pilates, Powerlifting, Flexibility"
596,Trainer 596,353,145463,130,4.2,5,"Yoga, Functional Training"
597,Trainer 597,36,29058,164,4.3,6,"Functional Training, Muscle Building"
598,Trainer 598,137,77759,199,3.6,21,Prenatal Fitness
599,Trainer 599,454,131607,121,4.9,15,"Weight Loss, Bodybuilding, Pilates"
600,Trainer 600,393,144290,33,3.5,6,Elderly Fitness
601,Trainer 601,230,122216,195,3.8,6,"HIIT, CrossFit"
602,Trainer 602,102,13392,158,4.3,24,"Sports-Specific, Elderly Fitness"
603,Trainer 603,223,151846,38,4.2,5,"Functional Training, Weight Loss"
604,Trainer 604,11,6824,183,4.6,6,Functional Training
605,Trainer 605,499,517135,165,4.6,13,"HIIT, Pilates"
606,Trainer 606,45,12248,39,3.3,12,Rehabilitation
607,Trainer 607,327,196599,18,4.0,5,"Weight Loss, Sports-Specific"
608,Trainer 608,113,7943,147,3.1,15,"Sports-Specific, Bodybuilding, Strength Training"
609,Trainer 609,316,123960,38,4.1,18,"Cardio, HIIT"
610,Trainer 610,266,116916,33,3.9,1,Strength Training
611,Trainer 611,279,208357,84,3.9,20,"Elderly Fitness, CrossFit"
612,Trainer 612,487,441659,180,3.6,23,"Yoga, Functional Training"
613,Trainer 613,253,111062,172,4.1,18,Prenatal Fitness
614,Trainer 614,422,456555,28,4.3,17,"Functional Training, Weight Loss, Strength Training"
615,Trainer 615,377,340911,91,5.0,4,"Flexibility, Powerlifting, Functional Training"
616,Trainer 616,239,62319,142,3.8,12,Rehabilitation
617,Trainer 617,35,10050,175,3.2,6,"Powerlifting, Strength Training, Cardio"
618,Trainer 618,231,229878,112,4.7,21,"HIIT, CrossFit"
619,Trainer 619,371,449512,191,4.4,18,Cardio
620,Trainer 620,116,64141,38,4.6,23,"Cardio, Sports-Specific"
621,Trainer 621,25,3609,71,5.0,16,"Rehabilitation, CrossFit"
622,Trainer 622,267,259208,196,3.2,18,"Pilates, Strength Training, Rehabilitation"
623,Trainer 623,405,116206,77,3.8,10,CrossFit
624,Trainer 624,162,100054,37,4.6,21,"Elderly Fitness, Yoga"
625,Trainer 625,203,216928,194,4.4,13,"Strength Training, Powerlifting, Elderly Fitness"
626,Trainer 626,142,88714,185,3.4,17,Muscle Building
627,Trainer 627,38,15569,138,3.2,16,"Strength Training, Flexibility, Powerlifting"
628,Trainer 628,272,169155,30,3.1,20,Sports-Specific
629,Trainer 629,490,117926,65,3.4,2,Bodybuilding
630,Trainer 630,454,161446,98,5.0,13,"CrossFit, Bodybuilding, Muscle Building"
631,Trainer 631,20,11844,95,4.8,17,"Bodybuilding, Muscle Building"
632,Trainer 632,349,34690,98,3.1,24,"Sports-Specific, Yoga"
633,Trainer 633,185,209776,60,3.4,5,"Sports-Specific, Rehabilitation, HIIT"
634,Trainer 634,131,80496,125,3.5,22,"Sports-Specific, Rehabilitation, Weight Loss"
635,Trainer 635,369,188365,89,4.8,17,"Powerlifting, Elderly Fitness, Pilates"
636,Trainer 636,420,256144,168,4.6,20,Elderly Fitness
637,Trainer 637,376,222150,126,3.5,22,Elderly Fitness
638,Trainer 638,49,40526,171,4.6,22,"Cardio, Muscle Building"
639,Trainer 639,234,120984,39,3.4,6,"Powerlifting, Sports-Specific, Bodybuilding"
640,Trainer 640,242,202219,153,4.1,8,Rehabilitation
641,Trainer 641,76,60247,193,3.1,10,"Flexibility, Pilates, Weight Loss"
642,Trainer 642,216,148524,62,3.9,24,"Sports-Specific, Rehabilitation"
643,Trainer 643,398,52165,32,4.1,2,"Powerlifting, Weight Loss, Strength Training"
644,Trainer 644,98,112515,181,3.9,7,"Cardio, Bodybuilding, Flexibility"
645,Trainer 645,498,243819,105,4.7,18,"Prenatal Fitness, HIIT"
646,Trainer 646,420,264555,86,3.6,1,"Elderly Fitness, Pilates, Cardio"
647,Trainer 647,66,39044,40,4.9,18,"Prenatal Fitness, Weight Loss, Rehabilitation"
648,Trainer 648,322,234487,141,4.0,10,Flexibility
649,Trainer 649,30,8934,173,4.9,24,Strength Training
650,Trainer 650,29,18200,54,3.2,9,"Rehabilitation, Muscle Building"
651,Trainer 651,352,209590,110,4.7,4,"Bodybuilding, Cardio, Rehabilitation"
652,Trainer 652,317,29616,174,4.3,2,Rehabilitation
653,Trainer 653,45,37578,32,4.0,6,"Muscle Building, Sports-Specific, Flexibility"
654,Trainer 654,451,167377,65,4.8,6,"CrossFit, Weight Loss"
655,Trainer 655,238,67638,120,3.7,11,HIIT
656,Trainer 656,59,62843,55,3.0,7,"Rehabilitation, Prenatal Fitness"
657,Trainer 657,28,11264,67,4.8,11,Flexibility
658,Trainer 658,192,65352,26,3.0,11,Rehabilitation
659,Trainer 659,365,69066,69,3.8,7,Powerlifting
660,Trainer 660,227,172383,48,3.0,18,"Prenatal Fitness, CrossFit, Yoga"
661,Trainer 661,140,70862,135,4.8,12,"Weight Loss, HIIT, Pilates"
662,Trainer 662,301,294487,169,3.6,17,"Flexibility, Rehabilitation, Pilates"
663,Trainer 663,433,388463,24,4.2,19,"Functional Training, Rehabilitation"
664,Trainer 664,490,221371,152,4.0,13,"Sports-Specific, Pilates"
665,Trainer 665,373,18530,70,3.5,19,"Yoga, Muscle Building, Weight Loss"
666,Trainer 666,76,13642,81,3.5,17,Muscle Building
667,Trainer 667,392,312875,80,3.8,22,"Pilates, CrossFit"
668,Trainer 668,132,29083,19,4.1,20,"Sports-Specific, HIIT"
669,Trainer 669,351,176537,87,4.5,14,"Elderly Fitness, Bodybuilding"
670,Trainer 670,395,348538,101,4.9,21,Powerlifting
671,Trainer 671,438,349774,15,4.3,6,Pilates
672,Trainer 672,263,247662,161,4.4,8,"CrossFit, Weight Loss"
673,Trainer 673,453,181690,187,3.9,11,"Bodybuilding, Cardio, Rehabilitation"
674,Trainer 674,402,340360,76,3.7,1,Pilates
675,Trainer 675,27,25638,178,3.0,4,HIIT
676,Trainer 676,200,130071,164,3.5,1,"Elderly Fitness, HIIT, Prenatal Fitness"
677,Trainer 677,9,10195,161,4.7,23,"Muscle Building, Powerlifting, HIIT"
678,Trainer 678,112,36702,183,3.6,10,"Powerlifting, Weight Loss"
679,Trainer 679,161,94007,151,3.8,23,"Cardio, Functional Training"
680,Trainer 680,49,34053,172,4.6,21,"Sports-Specific, Yoga"
681,Trainer 681,485,29104,170,4.1,20,Sports-Specific
682,Trainer 682,240,92463,170,3.3,5,Cardio
683,Trainer 683,185,151318,109,4.5,12,"Strength Training, Weight Loss, Functional Training"
684,Trainer 684,109,15659,156,4.2,11,"CrossFit, Weight Loss"
685,Trainer 685,410,276404,111,3.7,6,Sports-Specific
686,Trainer 686,399,295594,168,3.1,2,Pilates
687,Trainer 687,78,33844,94,4.5,13,"Functional Training, Sports-Specific"
688,Trainer 688,90,82212,15,4.2,10,Functional Training
689,Trainer 689,352,137791,133,4.3,18,"Weight Loss, Sports-Specific"
690,Trainer 690,142,33379,56,4.6,3,Cardio
691,Trainer 691,153,113602,156,3.8,17,Sports-Specific
692,Trainer 692,381,204705,132,4.9,7,Cardio
693,Trainer 693,420,252697,35,4.0,13,"Weight Loss, Elderly Fitness"
694,Trainer 694,457,213920,70,3.1,9,Strength Training
695,Trainer 695,365,224784,153,3.6,12,"Yoga, HIIT"
696,Trainer 696,365,272363,114,3.4,12,"Functional Training, Flexibility"
697,Trainer 697,225,128794,85,3.2,23,Flexibility
698,Trainer 698,486,443480,85,4.8,13,"Flexibility, CrossFit"
699,Trainer 699,45,20172,172,3.1,24,"Muscle Building, CrossFit, Prenatal Fitness"
700,Trainer 700,362,69882,164,4.6,6,"Pilates, Weight Loss, Prenatal Fitness"
701,Trainer 701,139,110030,193,3.9,5,"Strength Training, Rehabilitation, Bodybuilding"
702,Trainer 702,138,62233,134,4.3,8,"Elderly Fitness, Strength Training"
703,Trainer 703,394,257436,147,3.8,8,"Bodybuilding, CrossFit, Rehabilitation"
704,Trainer 704,375,203151,120,3.2,20,"Bodybuilding, Rehabilitation"
705,Trainer 705,321,131383,34,4.5,12,"Yoga, Functional Training"
706,Trainer 706,372,318699,61,4.6,3,"Pilates, Powerlifting"
707,Trainer 707,274,239093,136,4.5,1,Elderly Fitness
708,Trainer 708,52,32654,57,3.9,10,"HIIT, Powerlifting, Weight Loss"
709,Trainer 709,43,23614,182,3.8,15,Yoga
710,Trainer 710,160,109092,138,3.0,1,Flexibility
711,Trainer 711,243,204757,75,3.9,5,CrossFit
712,Trainer 712,61,39669,84,3.9,13,"Powerlifting, Weight Loss"
713,Trainer 713,418,221985,67,4.6,11,"Sports-Specific, Prenatal Fitness"
714,Trainer 714,199,181262,108,5.0,13,Weight Loss
715,Trainer 715,61,17818,31,3.8,18,"Bodybuilding, Strength Training"
716,Trainer 716,279,111251,34,4.3,19,"CrossFit, Cardio"
717,Trainer 717,314,141877,143,3.5,5,"HIIT, Muscle Building"
718,Trainer 718,114,72137,15,5.0,23,Bodybuilding
719,Trainer 719,234,152160,188,4.8,21,"HIIT, Functional Training"
720,Trainer 720,197,210168,94,3.5,1,"Elderly Fitness, Muscle Building"
721,Trainer 721,349,120873,77,3.7,12,"Sports-Specific, Elderly Fitness"
722,Trainer 722,418,135869,119,4.4,1,Cardio
723,Trainer 723,223,41389,94,3.5,16,"Elderly Fitness, Strength Training"
724,Trainer 724,87,20456,192,3.3,13,"Strength Training, Cardio, Sports-Specific"
725,Trainer 725,216,32929,196,3.6,8,Sports-Specific
726,Trainer 726,322,213228,107,4.7,23,Cardio
727,Trainer 727,108,21057,11,4.7,24,Bodybuilding
728,Trainer 728,490,320791,197,3.4,19,"Bodybuilding, Elderly Fitness"
729,Trainer 729,478,407094,31,4.4,19,"Rehabilitation, CrossFit"
730,Trainer 730,177,74937,72,4.3,21,"Prenatal Fitness, Elderly Fitness, Yoga"
731,Trainer 731,282,203427,90,3.7,20,"Muscle Building, Powerlifting, Weight Loss"
732,Trainer 732,344,265190,37,4.6,12,"Sports-Specific, CrossFit"
733,Trainer 733,208,68439,18,3.3,18,Rehabilitation
734,Trainer 734,142,55374,101,4.6,16,"Sports-Specific, CrossFit"
735,Trainer 735,197,81837,16,4.8,13,Yoga
736,Trainer 736,449,325626,127,4.8,14,"Pilates, Elderly Fitness"
737,Trainer 737,319,28830,154,4.2,24,"CrossFit, Powerlifting, Functional Training"
738,Trainer 738,399,70133,102,4.1,13,"Yoga, Sports-Specific, Rehabilitation"
739,Trainer 739,136,127384,187,3.9,22,"Cardio, Powerlifting, Sports-Specific"
740,Trainer 740,283,102474,58,4.2,3,Strength Training
741,Trainer 741,226,106871,14,3.7,22,"Strength Training, Rehabilitation, Powerlifting"
742,Trainer 742,128,85059,129,4.7,2,Rehabilitation
743,Trainer 743,162,60733,40,3.5,15,Flexibility
744,Trainer 744,188,191126,29,4.1,22,"Rehabilitation, Elderly Fitness, CrossFit"
745,Trainer 745,81,4926,150,3.8,4,"Weight Loss, Pilates, Powerlifting"
746,Trainer 746,86,7759,75,3.9,2,"CrossFit, Muscle Building, Functional Training"
747,Trainer 747,132,18434,75,4.5,8,"Flexibility, Weight Loss"
748,Trainer 748,489,340642,188,4.9,21,"Muscle Building, Pilates, Rehabilitation"
749,Trainer 749,205,128394,107,4.1,17,Functional Training
750,Trainer 750,485,168575,145,4.2,15,Cardio
751,Trainer 751,423,153407,159,3.6,9,"Strength Training, Powerlifting"
752,Trainer 752,403,185780,175,4.4,9,"Powerlifting, Yoga, Functional Training"
753,Trainer 753,241,190734,195,3.3,16,Flexibility
754,Trainer 754,373,39277,141,4.6,15,"Elderly Fitness, Powerlifting, Flexibility"
755,Trainer 755,257,18403,37,3.6,16,"Weight Loss, Muscle Building"
756,Trainer 756,284,76310,133,4.5,15,"Cardio, Prenatal Fitness, Bodybuilding"
757,Trainer 757,448,265988,158,3.9,14,"Weight Loss, Elderly Fitness, Strength Training"
758,Trainer 758,100,5022,30,3.8,5,"Bodybuilding, Powerlifting, Functional Training"
759,Trainer 759,312,91940,159,4.4,14,"Prenatal Fitness, Yoga, CrossFit"
760,Trainer 760,481,166488,110,4.9,1,Weight Loss
761,Trainer 761,107,69257,153,3.2,9,"Cardio, Rehabilitation, Powerlifting"
762,Trainer 762,385,255899,179,4.4,20,Elderly Fitness
763,Trainer 763,477,106798,171,4.7,8,"Yoga, Cardio, Prenatal Fitness"
764,Trainer 764,429,293302,150,3.8,14,"Yoga, Prenatal Fitness, Sports-Specific"
765,Trainer 765,393,218485,122,3.6,2,Muscle Building
766,Trainer 766,224,42284,27,4.2,21,"HIIT, Rehabilitation"
767,Trainer 767,213,111159,13,4.9,3,"Prenatal Fitness, Flexibility"
768,Trainer 768,123,137297,144,3.2,20,"Rehabilitation, HIIT"
769,Trainer 769,272,114703,32,4.9,8,"Yoga, Rehabilitation"
770,Trainer 770,423,310533,95,4.1,16,"Strength Training, HIIT, Weight Loss"
771,Trainer 771,463,269935,137,4.4,19,Flexibility
772,Trainer 772,202,218419,143,4.7,9,"Yoga, CrossFit"
773,Trainer 773,149,70364,54,4.2,14,Bodybuilding
774,Trainer 774,347,233118,58,3.3,7,"Rehabilitation, Elderly Fitness"
775,Trainer 775,84,67575,184,3.5,11,Rehabilitation
776,Trainer 776,228,108584,84,3.8,14,"Yoga, Sports-Specific"
777,Trainer 777,427,78477,190,4.2,16,"Powerlifting, Pilates"
778,Trainer 778,318,136082,66,3.4,11,"Bodybuilding, Elderly Fitness"
779,Trainer 779,354,23752,171,4.5,16,CrossFit
780,Trainer 780,328,116552,46,3.1,23,Strength Training
781,Trainer 781,92,73122,64,4.0,12,"Sports-Specific, Strength Training, Cardio"
782,Trainer 782,220,99699,158,3.9,21,"CrossFit, Yoga"
783,Trainer 783,302,106955,20,3.1,5,"HIIT, Flexibility, Strength Training"
784,Trainer 784,420,229398,42,3.3,24,"Pilates, Yoga, Cardio"
785,Trainer 785,74,19727,155,3.7,12,"Sports-Specific, Strength Training"
786,Trainer 786,164,156192,61,3.0,20,"Weight Loss, Elderly Fitness, Cardio"
787,Trainer 787,362,132258,120,4.0,15,Elderly Fitness
788,Trainer 788,90,40619,96,4.4,18,"Bodybuilding, Powerlifting, Cardio"
789,Trainer 789,213,142466,128,4.1,5,"Weight Loss, HIIT, Elderly Fitness"
790,Trainer 790,125,8217,189,3.2,10,"HIIT, Functional Training"
791,Trainer 791,380,311703,127,4.6,10,"Weight Loss, Muscle Building"
792,Trainer 792,382,48239,66,4.8,16,"HIIT, Strength Training, Prenatal Fitness"
793,Trainer 793,190,66229,20,3.7,10,"Prenatal Fitness, Elderly Fitness, Bodybuilding"
794,Trainer 794,409,101108,100,4.0,1,Flexibility
795,Trainer 795,39,18466,187,4.7,5,Sports-Specific
796,Trainer 796,187,66302,29,3.5,22,"Elderly Fitness, Prenatal Fitness"
797,Trainer 797,403,200337,87,3.5,20,"CrossFit, Muscle Building, Yoga"
798,Trainer 798,173,56968,92,3.2,19,"Flexibility, Bodybuilding, Strength Training"
799,Trainer 799,418,326907,128,4.4,9,Functional Training
800,Trainer 800,152,59483,98,5.0,22,"HIIT, Muscle Building"
801,Trainer 801,8,4645,94,3.5,4,Flexibility
802,Trainer 802,225,115098,174,3.8,10,"Yoga, Flexibility"
803,Trainer 803,313,212251,70,4.8,13,Sports-Specific
804,Trainer 804,225,180212,114,4.9,6,"CrossFit, Functional Training, Weight Loss"
805,Trainer 805,338,38752,145,3.4,6,Weight Loss
806,Trainer 806,84,15150,152,3.3,9,"Pilates, Muscle Building, Strength Training"
807,Trainer 807,467,222399,165,4.7,7,"Prenatal Fitness, Pilates"
808,Trainer 808,61,17684,100,3.5,21,Bodybuilding
809,Trainer 809,54,57876,166,4.4,19,Prenatal Fitness
810,Trainer 810,11,2169,179,3.1,9,Strength Training
811,Trainer 811,14,7486,124,3.9,7,"Prenatal Fitness, Muscle Building, Flexibility"
812,Trainer 812,100,21857,160,3.4,11,Muscle Building
813,Trainer 813,464,331996,196,4.6,5,"Prenatal Fitness, Rehabilitation, Weight Loss"
814,Trainer 814,473,93209,66,3.2,2,"Cardio, Prenatal Fitness"
815,Trainer 815,338,158849,97,4.4,23,"Cardio, Weight Loss"
816,Trainer 816,215,74462,54,4.6,17,Powerlifting
817,Trainer 817,272,23652,176,3.1,13,Powerlifting
818,Trainer 818,319,91327,98,3.0,9,"Cardio, Powerlifting, Functional Training"
819,Trainer 819,404,77748,108,4.5,12,CrossFit
820,Trainer 820,423,122445,196,4.7,3,"CrossFit, Powerlifting"
821,Trainer 821,128,9909,36,4.3,3,Functional Training
822,Trainer 822,79,78141,25,3.5,21,"Pilates, Yoga, Powerlifting"
823,Trainer 823,16,1358,194,4.8,1,"Pilates, Rehabilitation, Prenatal Fitness"
824,Trainer 824,9,1268,39,3.9,11,"Muscle Building, Functional Training"
825,Trainer 825,281,126889,135,4.1,15,"CrossFit, Functional Training, Rehabilitation"
826,Trainer 826,106,11878,173,4.2,19,"Bodybuilding, HIIT, Cardio"
827,Trainer 827,61,42012,90,3.6,3,"Pilates, HIIT, Elderly Fitness"
828,Trainer 828,471,237375,178,4.1,18,CrossFit
829,Trainer 829,266,28905,20,4.2,11,"Powerlifting, Weight Loss, Strength Training"
830,Trainer 830,365,121912,18,3.5,20,"Powerlifting, Cardio"
831,Trainer 831,328,55485,194,4.1,3,"Muscle Building, CrossFit, Bodybuilding"
832,Trainer 832,361,40932,141,3.3,13,Strength Training
833,Trainer 833,438,371326,122,4.6,20,"Rehabilitation, Strength Training, Bodybuilding"
834,Trainer 834,367,200829,174,3.4,17,"Muscle Building, Powerlifting, Yoga"
835,Trainer 835,202,67177,37,4.6,5,Strength Training
836,Trainer 836,247,22621,47,4.4,11,"Sports-Specific, Cardio, Rehabilitation"
837,Trainer 837,362,215400,174,4.3,11,"Flexibility, Sports-Specific"
838,Trainer 838,453,78568,192,4.7,22,Flexibility
839,Trainer 839,58,54953,23,5.0,5,"CrossFit, Bodybuilding"
840,Trainer 840,329,262150,186,4.5,19,"Bodybuilding, Rehabilitation, HIIT"
841,Trainer 841,185,97593,161,4.8,18,"Elderly Fitness, Sports-Specific"
842,Trainer 842,244,61606,48,4.8,15,"Functional Training, Muscle Building"
843,Trainer 843,369,259742,140,4.4,12,"Powerlifting, Bodybuilding"
844,Trainer 844,109,8831,135,3.1,6,Rehabilitation
845,Trainer 845,439,435099,118,3.7,23,"Pilates, Rehabilitation, Strength Training"
846,Trainer 846,44,38937,95,4.6,12,Bodybuilding
847,Trainer 847,80,72766,90,4.2,11,"Rehabilitation, CrossFit, Yoga"
848,Trainer 848,17,1847,126,3.9,8,Cardio
849,Trainer 849,394,86430,37,3.9,4,Functional Training
850,Trainer 850,161,46379,71,3.5,24,"Sports-Specific, Strength Training"
851,Trainer 851,193,100232,89,3.3,3,Muscle Building
852,Trainer 852,73,38500,87,4.6,20,"Flexibility, Powerlifting, Functional Training"
853,Trainer 853,142,14163,132,3.8,5,"Powerlifting, CrossFit, Yoga"
854,Trainer 854,239,231418,57,3.2,19,Pilates
855,Trainer 855,428,166351,147,3.5,7,"Muscle Building, Yoga"
856,Trainer 856,59,11374,110,3.4,16,"Elderly Fitness, Prenatal Fitness"
857,Trainer 857,491,153575,28,3.3,16,Rehabilitation
858,Trainer 858,447,141040,130,4.9,9,HIIT
859,Trainer 859,333,231657,57,4.2,22,"Elderly Fitness, Powerlifting, Yoga"
860,Trainer 860,207,257388,49,4.0,23,"HIIT, Functional Training"
861,Trainer 861,95,56490,26,3.7,14,Rehabilitation
862,Trainer 862,408,262292,198,4.3,18,Elderly Fitness
863,Trainer 863,122,8285,135,3.9,5,Flexibility
864,Trainer 864,135,110245,84,4.5,21,Cardio
865,Trainer 865,114,31052,150,4.7,11,Powerlifting
866,Trainer 866,41,24862,16,4.7,5,"Rehabilitation, Sports-Specific, Cardio"
867,Trainer 867,351,210387,184,3.2,20,"Pilates, Weight Loss, Flexibility"
868,Trainer 868,250,162077,185,4.1,10,"Sports-Specific, Strength Training"
869,Trainer 869,33,6878,37,4.8,23,Prenatal Fitness
870,Trainer 870,348,165304,36,4.3,3,"Strength Training, Elderly Fitness"
871,Trainer 871,317,25754,101,4.5,12,"Bodybuilding, Prenatal Fitness"
872,Trainer 872,454,329386,161,3.8,1,"Muscle Building, Flexibility"
873,Trainer 873,443,339649,12,4.7,5,Flexibility
874,Trainer 874,235,100530,14,3.1,16,"Powerlifting, Yoga, Cardio"
875,Trainer 875,367,20999,167,4.9,11,"Muscle Building, Powerlifting"
876,Trainer 876,53,15886,79,4.1,4,"Yoga, Weight Loss"
877,Trainer 877,25,16340,195,3.7,9,"Flexibility, Muscle Building, HIIT"
878,Trainer 878,58,47908,52,3.3,3,Rehabilitation
879,Trainer 879,396,330722,126,3.2,7,"Rehabilitation, Powerlifting, Elderly Fitness"
880,Trainer 880,93,37867,101,4.1,22,"Bodybuilding, Weight Loss"
881,Trainer 881,117,80708,49,4.7,13,"Sports-Specific, Flexibility, Elderly Fitness"
882,Trainer 882,215,121050,11,4.2,1,CrossFit
883,Trainer 883,381,63379,40,4.4,3,"HIIT, CrossFit, Functional Training"
884,Trainer 884,120,87374,128,4.4,1,"Prenatal Fitness, Functional Training"
885,Trainer 885,228,45988,123,4.2,24,"Cardio, Pilates, Rehabilitation"
886,Trainer 886,193,173103,199,4.9,4,"Rehabilitation, Powerlifting"
887,Trainer 887,488,360790,32,3.5,8,"Bodybuilding, Muscle Building"
888,Trainer 888,198,10024,60,4.9,23,"Strength Training, CrossFit"
889,Trainer 889,191,183404,22,4.5,17,"Rehabilitation, Prenatal Fitness"
890,Trainer 890,323,150009,97,3.6,21,"Elderly Fitness, HIIT, Rehabilitation"
891,Trainer 891,213,182375,17,3.7,12,Pilates
892,Trainer 892,386,111520,151,4.0,12,Weight Loss
893,Trainer 893,16,18954,136,4.7,24,"Bodybuilding, Strength Training"
894,Trainer 894,470,142154,76,3.6,8,"Strength Training, Weight Loss, HIIT"
895,Trainer 895,37,15028,31,4.9,23,"Powerlifting, Sports-Specific"
896,Trainer 896,433,132604,76,3.7,20,"Strength Training, HIIT"
897,Trainer 897,101,47456,51,3.2,16,HIIT
898,Trainer 898,89,45023,147,3.7,4,HIIT
899,Trainer 899,218,117167,191,3.8,9,"Functional Training, CrossFit, Pilates"
900,Trainer 900,142,61280,183,4.4,22,Weight Loss
901,Trainer 901,347,34730,16,3.4,13,"Flexibility, Cardio, Strength Training"
902,Trainer 902,253,264668,79,3.7,23,"Strength Training, Bodybuilding"
903,Trainer 903,128,79390,42,3.3,23,CrossFit
904,Trainer 904,169,157715,76,4.5,23,"Muscle Building, Strength Training, Prenatal Fitness"
905,Trainer 905,67,18230,59,3.7,5,"Cardio, Prenatal Fitness, Flexibility"
906,Trainer 906,60,26919,161,4.1,19,Yoga
907,Trainer 907,428,46947,126,3.7,20,"CrossFit, Weight Loss, Muscle Building"
908,Trainer 908,84,46481,130,5.0,10,"Prenatal Fitness, HIIT"
909,Trainer 909,467,130242,34,3.4,14,"CrossFit, Flexibility, Elderly Fitness"
910,Trainer 910,485,222430,169,3.0,17,"Rehabilitation, Powerlifting, Functional Training"
911,Trainer 911,386,337430,140,4.3,4,Functional Training
912,Trainer 912,66,60671,39,4.5,1,"Prenatal Fitness, Powerlifting"
913,Trainer 913,89,30918,45,4.7,19,"Rehabilitation, Bodybuilding"
914,Trainer 914,458,97325,88,4.4,2,Elderly Fitness
915,Trainer 915,286,55943,112,5.0,24,Rehabilitation
916,Trainer 916,336,230632,156,4.0,16,"Yoga, Rehabilitation"
917,Trainer 917,499,295262,115,4.1,14,Prenatal Fitness
918,Trainer 918,149,12888,37,4.2,14,Yoga
919,Trainer 919,25,20481,162,4.1,23,"Functional Training, Muscle Building"
920,Trainer 920,193,22311,16,3.4,21,"Strength Training, Functional Training"
921,Trainer 921,166,49938,22,3.3,5,"Yoga, Pilates"
922,Trainer 922,337,186231,173,3.9,7,"Muscle Building, HIIT, Flexibility"
923,Trainer 923,64,43184,145,4.2,21,"Rehabilitation, Cardio"
924,Trainer 924,68,56603,44,3.1,8,Flexibility
925,Trainer 925,280,190456,26,4.6,17,"Elderly Fitness, Functional Training"
926,Trainer 926,300,183198,34,3.4,22,"Powerlifting, Flexibility"
927,Trainer 927,432,135410,88,5.0,16,Rehabilitation
928,Trainer 928,99,93507,122,3.9,8,"Prenatal Fitness, Rehabilitation"
929,Trainer 929,490,33615,63,3.4,13,"Muscle Building, Sports-Specific"
930,Trainer 930,276,154098,34,3.5,10,"Functional Training, Powerlifting, HIIT"
931,Trainer 931,53,47722,63,4.9,13,"CrossFit, Bodybuilding, Prenatal Fitness"
932,Trainer 932,151,83419,16,3.9,5,"Cardio, Sports-Specific"
933,Trainer 933,222,17523,114,4.3,23,Cardio
934,Trainer 934,182,95351,124,4.2,20,"Yoga, Elderly Fitness"
935,Trainer 935,352,245930,32,3.8,24,"Prenatal Fitness, Bodybuilding"
936,Trainer 936,121,29916,162,4.2,7,"Powerlifting, Bodybuilding, Pilates"
937,Trainer 937,423,179758,194,4.8,19,"Flexibility, CrossFit, Bodybuilding"
938,Trainer 938,160,140960,99,4.0,6,"Bodybuilding, Cardio"
939,Trainer 939,97,48770,112,3.2,12,"HIIT, Powerlifting, Elderly Fitness"
940,Trainer 940,206,137963,53,3.3,1,Weight Loss
941,Trainer 941,112,22233,179,3.7,6,Elderly Fitness
942,Trainer 942,291,326591,199,3.1,3,Rehabilitation
943,Trainer 943,52,17291,64,4.6,15,"Flexibility, Functional Training, Powerlifting"
944,Trainer 944,175,61389,135,3.8,10,Rehabilitation
945,Trainer 945,187,156099,178,3.4,8,"Prenatal Fitness, Rehabilitation, Muscle Building"
946,Trainer 946,167,13180,110,4.5,7,Cardio
947,Trainer 947,166,125441,199,3.7,21,"Sports-Specific, HIIT, Cardio"
948,Trainer 948,354,371223,67,4.3,19,"CrossFit, Weight Loss, HIIT"
949,Trainer 949,196,40216,150,4.9,5,Cardio
950,Trainer 950,74,12126,52,4.3,17,"Powerlifting, Muscle Building"
951,Trainer 951,215,163892,106,4.1,13,"Weight Loss, Bodybuilding"
952,Trainer 952,467,370145,117,4.9,17,"Elderly Fitness, Weight Loss, Functional Training"
953,Trainer 953,93,75449,140,3.8,24,"Rehabilitation, Powerlifting, Pilates"
954,Trainer 954,269,115670,168,3.4,5,"Elderly Fitness, Sports-Specific"
955,Trainer 955,306,206680,163,4.1,16,Strength Training
956,Trainer 956,135,22059,83,4.2,16,"Sports-Specific, Rehabilitation, Powerlifting"
957,Trainer 957,41,27885,78,3.2,7,"Weight Loss, Bodybuilding, Rehabilitation"
958,Trainer 958,352,261969,161,3.1,13,"Bodybuilding, Functional Training, Muscle Building"
959,Trainer 959,396,194583,47,3.1,23,Prenatal Fitness
960,Trainer 960,266,178158,111,4.6,12,"Elderly Fitness, Powerlifting"
961,Trainer 961,165,23869,30,3.4,21,"Pilates, Strength Training, Functional Training"
962,Trainer 962,355,39830,95,4.1,7,"Yoga, Functional Training, Bodybuilding"
963,Trainer 963,256,153850,112,4.3,7,"Functional Training, Flexibility"
964,Trainer 964,44,43007,31,4.6,16,"Prenatal Fitness, Weight Loss, Sports-Specific"
965,Trainer 965,453,135300,121,4.8,23,"Strength Training, Flexibility"
966,Trainer 966,105,38446,121,4.5,7,"Prenatal Fitness, Flexibility, Elderly Fitness"
967,Trainer 967,337,336391,120,4.9,14,"Yoga, Powerlifting"
968,Trainer 968,430,284325,181,4.0,1,"Weight Loss, Yoga"
969,Trainer 969,259,303409,130,4.6,7,"Flexibility, Strength Training"
970,Trainer 970,398,39337,129,3.6,15,"Bodybuilding, Strength Training, Elderly Fitness"
971,Trainer 971,41,25178,173,3.3,2,"Pilates, Elderly Fitness, Functional Training"
972,Trainer 972,32,36279,119,4.9,4,"Elderly Fitness, Bodybuilding"
973,Trainer 973,292,16745,35,3.8,19,"Muscle Building, Powerlifting"
974,Trainer 974,287,166380,135,3.1,24,"Rehabilitation, Pilates"
975,Trainer 975,53,58742,145,3.4,14,Rehabilitation
976,Trainer 976,360,144334,77,4.9,22,"HIIT, Pilates, Weight Loss"
977,Trainer 977,106,8703,123,4.4,23,"Cardio, Functional Training"
978,Trainer 978,415,291987,46,4.2,12,HIIT
979,Trainer 979,147,119316,141,4.8,5,"Prenatal Fitness, Elderly Fitness"
980,Trainer 980,107,36940,145,3.3,5,Rehabilitation
981,Trainer 981,50,26560,177,3.3,4,"Yoga, Prenatal Fitness, Rehabilitation"
982,Trainer 982,302,44821,93,5.0,10,"Flexibility, Strength Training"
983,Trainer 983,225,119019,151,3.4,12,"Bodybuilding, Powerlifting"
984,Trainer 984,416,412320,15,3.3,9,"Muscle Building, Functional Training, Strength Training"
985,Trainer 985,317,177372,125,4.2,12,"Yoga, Functional Training"
986,Trainer 986,17,10427,110,4.4,13,"Powerlifting, Flexibility, Muscle Building"
987,Trainer 987,317,53423,27,4.2,7,"Prenatal Fitness, Muscle Building, Yoga"
988,Trainer 988,86,44820,96,4.0,1,"Elderly Fitness, Cardio, Yoga"
989,Trainer 989,404,284245,64,3.6,21,Weight Loss
990,Trainer 990,6,1500,147,4.2,15,"Prenatal Fitness, CrossFit, Muscle Building"
991,Trainer 991,334,53903,16,3.6,13,Pilates
992,Trainer 992,416,285177,194,3.0,1,"Elderly Fitness, Muscle Building"
993,Trainer 993,48,45553,115,4.3,24,Muscle Building
994,Trainer 994,466,110490,166,4.7,10,"Sports-Specific, Yoga"
995,Trainer 995,409,71053,45,3.3,9,Cardio
996,Trainer 996,122,52818,185,3.8,22,Strength Training
997,Trainer 997,451,168300,59,3.2,5,Yoga
998,Trainer 998,355,407478,192,4.7,22,"Muscle Building, Bodybuilding, Powerlifting"
999,Trainer 999,81,82048,36,3.9,14,Bodybuilding
1000,Trainer 1000,213,116819,117,4.5,2,Yoga
